{"ip":0,"fr":60,"v":"5.1.20","assets":[],"layers":[{"ty":4,"nm":"PleaseWait-05","ip":0,"st":0,"ind":6,"hix":2,"ks":{"o":{"a":0,"k":100},"or":{"a":0,"k":[0,0,0]},"a":{"a":0,"k":[55,55,0]},"p":{"s":true,"x":{"a":1,"k":[{"t":0,"s":[845.485],"e":[845.485],"i":{"x":[1],"y":[1]},"o":{"x":[0],"y":[0]}},{"t":143,"s":[845.485],"e":[905.485],"i":{"x":[0.515],"y":[0.955]},"o":{"x":[0.455],"y":[0.03]}},{"t":198,"s":[905.485],"e":[845.485],"i":{"x":[0.515],"y":[0.955]},"o":{"x":[0.455],"y":[0.03]}},{"t":240}]},"y":{"a":1,"k":[{"t":0,"s":[540],"e":[540],"i":{"x":[1],"y":[1]},"o":{"x":[0],"y":[0]}},{"t":156}]}},"rx":{"a":0,"k":0},"ry":{"a":0,"k":0},"rz":{"a":0,"k":0},"s":{"a":1,"k":[{"t":0,"s":[100,100],"e":[100,100],"i":{"x":[1,1],"y":[1,1]},"o":{"x":[0,0],"y":[0,0]}},{"t":156,"s":[100,100],"e":[85,100],"i":{"x":[0.515,1],"y":[0.955,1]},"o":{"x":[0.455,0],"y":[0.03,0]}},{"t":165,"s":[85,100],"e":[100,100],"i":{"x":[0.515,1],"y":[0.955,1]},"o":{"x":[0.455,0],"y":[0.03,0]}},{"t":174,"s":[100,100],"e":[100,100],"i":{"x":[1,1],"y":[1,1]},"o":{"x":[0,0],"y":[0,0]}},{"t":230,"s":[100,100],"e":[85,100],"i":{"x":[0.515,1],"y":[0.955,1]},"o":{"x":[0.455,0],"y":[0.03,0]}},{"t":240,"s":[85,100],"e":[100,100],"i":{"x":[0.515,1],"y":[0.955,1]},"o":{"x":[0.455,0],"y":[0.03,0]}},{"t":249}]}},"shapes":[{"ty":"gr","nm":"PleaseWait-05 shape group","it":[{"ty":"sh","ks":{"a":0,"k":{"c":true,"v":[[56.5,7],[56.5,7],[103,53.5],[103,53.5],[56.5,100],[56.5,100],[10,53.5],[10,53.5]],"i":[[-25.575,0],[0,0],[0,-25.575],[0,0],[25.575000000000003,0],[0,0],[0,25.575000000000003],[0,0]],"o":[[0,0],[25.575000000000003,0],[0,0],[0,25.575000000000003],[0,0],[-25.575,0],[0,0],[0,-25.575]]}}},{"ty":"st","o":{"a":0,"k":0},"w":{"a":0,"k":0},"c":{"a":0,"k":[0,0,0,0]},"lc":3,"lj":1,"ml":1},{"ty":"fl","o":{"a":0,"k":100},"r":1,"c":{"a":0,"k":[0.25882352941176473,0.592156862745098,1,1]}},{"ty":"tr","o":{"a":0,"k":100},"a":{"a":0,"k":[0,0]},"s":{"a":0,"k":[100,100]},"p":{"a":0,"k":[0,0]},"r":{"a":0,"k":0}}]}],"op":396},{"ty":4,"nm":"PleaseWait-04","ip":0,"st":0,"ind":5,"hix":3,"ks":{"o":{"a":0,"k":100},"or":{"a":0,"k":[0,0,0]},"a":{"a":0,"k":[55,55,0]},"p":{"s":true,"x":{"a":1,"k":[{"t":0,"s":[692.705],"e":[692.705],"i":{"x":[1],"y":[1]},"o":{"x":[0],"y":[0]}},{"t":104,"s":[692.705],"e":[759.997],"i":{"x":[0.515],"y":[0.955]},"o":{"x":[0.455],"y":[0.03]}},{"t":156,"s":[759.997],"e":[759.997],"i":{"x":[1],"y":[1]},"o":{"x":[0],"y":[0]}},{"t":231,"s":[759.997],"e":[692.705],"i":{"x":[0.515],"y":[0.955]},"o":{"x":[0.455],"y":[0.03]}},{"t":282}]},"y":{"a":1,"k":[{"t":0,"s":[540],"e":[540],"i":{"x":[1],"y":[1]},"o":{"x":[0],"y":[0]}},{"t":114}]}},"rx":{"a":0,"k":0},"ry":{"a":0,"k":0},"rz":{"a":0,"k":0},"s":{"a":1,"k":[{"t":0,"s":[100,100],"e":[100,100],"i":{"x":[1,1],"y":[1,1]},"o":{"x":[0,0],"y":[0,0]}},{"t":114,"s":[100,100],"e":[85,100],"i":{"x":[0.515,1],"y":[0.955,1]},"o":{"x":[0.455,0],"y":[0.03,0]}},{"t":122,"s":[85,100],"e":[100,100],"i":{"x":[0.515,1],"y":[0.955,1]},"o":{"x":[0.455,0],"y":[0.03,0]}},{"t":129,"s":[100,100],"e":[100,100],"i":{"x":[1,1],"y":[1,1]},"o":{"x":[0,0],"y":[0,0]}},{"t":147,"s":[100,100],"e":[90,100],"i":{"x":[0.515,1],"y":[0.955,1]},"o":{"x":[0.455,0],"y":[0.03,0]}},{"t":156,"s":[90,100],"e":[100,100],"i":{"x":[0.515,1],"y":[0.955,1]},"o":{"x":[0.455,0],"y":[0.03,0]}},{"t":165,"s":[100,100],"e":[100,100],"i":{"x":[0.515,1],"y":[0.955,1]},"o":{"x":[0.455,0],"y":[0.03,0]}},{"t":231,"s":[100,100],"e":[90,100],"i":{"x":[0.515,1],"y":[0.955,1]},"o":{"x":[0.455,0],"y":[0.03,0]}},{"t":239,"s":[90,100],"e":[100,100],"i":{"x":[0.515,1],"y":[0.955,1]},"o":{"x":[0.455,0],"y":[0.03,0]}},{"t":246,"s":[100,100],"e":[100,100],"i":{"x":[1,1],"y":[1,1]},"o":{"x":[0,0],"y":[0,0]}},{"t":272,"s":[100,100],"e":[85,100],"i":{"x":[0.515,1],"y":[0.955,1]},"o":{"x":[0.455,0],"y":[0.03,0]}},{"t":282,"s":[85,100],"e":[100,100],"i":{"x":[0.515,1],"y":[0.955,1]},"o":{"x":[0.455,0],"y":[0.03,0]}},{"t":291}]}},"shapes":[{"ty":"gr","nm":"PleaseWait-04 shape group","it":[{"ty":"sh","ks":{"a":0,"k":{"c":true,"v":[[56.5,7],[56.5,7],[103,53.5],[103,53.5],[56.5,100],[56.5,100],[10,53.5],[10,53.5]],"i":[[-25.575,0],[0,0],[0,-25.575],[0,0],[25.575000000000003,0],[0,0],[0,25.575000000000003],[0,0]],"o":[[0,0],[25.575000000000003,0],[0,0],[0,25.575000000000003],[0,0],[-25.575,0],[0,0],[0,-25.575]]}}},{"ty":"st","o":{"a":0,"k":0},"w":{"a":0,"k":0},"c":{"a":0,"k":[0,0,0,0]},"lc":3,"lj":1,"ml":1},{"ty":"fl","o":{"a":0,"k":100},"r":1,"c":{"a":0,"k":[0.25882352941176473,0.592156862745098,1,1]}},{"ty":"tr","o":{"a":0,"k":100},"a":{"a":0,"k":[0,0]},"s":{"a":0,"k":[100,100]},"p":{"a":0,"k":[0,0]},"r":{"a":0,"k":0}}]}],"op":396},{"ty":4,"nm":"PleaseWait-03","ip":0,"st":0,"ind":4,"hix":4,"ks":{"o":{"a":0,"k":100},"or":{"a":0,"k":[0,0,0]},"a":{"a":0,"k":[55,55,0]},"p":{"s":true,"x":{"a":1,"k":[{"t":0,"s":[540],"e":[540],"i":{"x":[1],"y":[1]},"o":{"x":[0],"y":[0]}},{"t":66,"s":[540],"e":[604.863],"i":{"x":[0.515],"y":[0.955]},"o":{"x":[0.455],"y":[0.03]}},{"t":114,"s":[604.863],"e":[604.863],"i":{"x":[1],"y":[1]},"o":{"x":[0],"y":[0]}},{"t":278,"s":[604.863],"e":[540],"i":{"x":[0.515],"y":[0.955]},"o":{"x":[0.455],"y":[0.03]}},{"t":324}]},"y":{"a":1,"k":[{"t":0,"s":[540],"e":[540],"i":{"x":[1],"y":[1]},"o":{"x":[0],"y":[0]}},{"t":72}]}},"rx":{"a":0,"k":0},"ry":{"a":0,"k":0},"rz":{"a":0,"k":0},"s":{"a":1,"k":[{"t":0,"s":[100,100],"e":[100,100],"i":{"x":[1,1],"y":[1,1]},"o":{"x":[0,0],"y":[0,0]}},{"t":74,"s":[100,100],"e":[85,100],"i":{"x":[0.55,1],"y":[0.95,1]},"o":{"x":[0.445,0],"y":[0.05,0]}},{"t":82,"s":[85,100],"e":[100,100],"i":{"x":[0.55,1],"y":[0.95,1]},"o":{"x":[0.445,0],"y":[0.05,0]}},{"t":89,"s":[100,100],"e":[100,100],"i":{"x":[1,1],"y":[1,1]},"o":{"x":[0,0],"y":[0,0]}},{"t":108,"s":[100,100],"e":[90,100],"i":{"x":[0.515,1],"y":[0.955,1]},"o":{"x":[0.455,0],"y":[0.03,0]}},{"t":114,"s":[90,100],"e":[100,100],"i":{"x":[0.515,1],"y":[0.955,1]},"o":{"x":[0.455,0],"y":[0.03,0]}},{"t":120,"s":[100,100],"e":[100,100],"i":{"x":[1,1],"y":[1,1]},"o":{"x":[0,0],"y":[0,0]}},{"t":278,"s":[100,100],"e":[90,100],"i":{"x":[0.515,1],"y":[0.955,1]},"o":{"x":[0.455,0],"y":[0.03,0]}},{"t":285,"s":[90,100],"e":[100,100],"i":{"x":[0.515,1],"y":[0.955,1]},"o":{"x":[0.455,0],"y":[0.03,0]}},{"t":292,"s":[100,100],"e":[100,100],"i":{"x":[1,1],"y":[1,1]},"o":{"x":[0,0],"y":[0,0]}},{"t":316,"s":[100,100],"e":[85,100],"i":{"x":[0.515,1],"y":[0.955,1]},"o":{"x":[0.455,0],"y":[0.03,0]}},{"t":324,"s":[85,100],"e":[100,100],"i":{"x":[0.515,1],"y":[0.955,1]},"o":{"x":[0.455,0],"y":[0.03,0]}},{"t":332}]}},"shapes":[{"ty":"gr","nm":"PleaseWait-03 shape group","it":[{"ty":"sh","ks":{"a":0,"k":{"c":true,"v":[[56.5,7],[56.5,7],[103,53.5],[103,53.5],[56.5,100],[56.5,100],[10,53.5],[10,53.5]],"i":[[-25.575,0],[0,0],[0,-25.575],[0,0],[25.575000000000003,0],[0,0],[0,25.575000000000003],[0,0]],"o":[[0,0],[25.575000000000003,0],[0,0],[0,25.575000000000003],[0,0],[-25.575,0],[0,0],[0,-25.575]]}}},{"ty":"st","o":{"a":0,"k":0},"w":{"a":0,"k":0},"c":{"a":0,"k":[0,0,0,0]},"lc":3,"lj":1,"ml":1},{"ty":"fl","o":{"a":0,"k":100},"r":1,"c":{"a":0,"k":[0.25882352941176473,0.592156862745098,1,1]}},{"ty":"tr","o":{"a":0,"k":100},"a":{"a":0,"k":[0,0]},"s":{"a":0,"k":[100,100]},"p":{"a":0,"k":[0,0]},"r":{"a":0,"k":0}}]}],"op":396},{"ty":4,"nm":"PleaseWait-02","ip":0,"st":0,"ind":3,"hix":5,"ks":{"o":{"a":0,"k":100},"or":{"a":0,"k":[0,0,0]},"a":{"a":0,"k":[55,55,0]},"p":{"s":true,"x":{"a":1,"k":[{"t":0,"s":[387.698],"e":[387.698],"i":{"x":[1],"y":[1]},"o":{"x":[0],"y":[0]}},{"t":30,"s":[387.698],"e":[454.158],"i":{"x":[0.515],"y":[0.955]},"o":{"x":[0.455],"y":[0.03]}},{"t":72,"s":[454.158],"e":[454.158],"i":{"x":[1],"y":[1]},"o":{"x":[0],"y":[0]}},{"t":318,"s":[454.158],"e":[387.698],"i":{"x":[0.515],"y":[0.955]},"o":{"x":[0.455],"y":[0.03]}},{"t":363}]},"y":{"a":1,"k":[{"t":0,"s":[540],"e":[540],"i":{"x":[1],"y":[1]},"o":{"x":[0],"y":[0]}},{"t":36}]}},"rx":{"a":0,"k":0},"ry":{"a":0,"k":0},"rz":{"a":0,"k":0},"s":{"a":1,"k":[{"t":0,"s":[100,100],"e":[100,100],"i":{"x":[1,1],"y":[1,1]},"o":{"x":[0,0],"y":[0,0]}},{"t":36,"s":[100,100],"e":[85,100],"i":{"x":[0.515,1],"y":[0.955,1]},"o":{"x":[0.455,0],"y":[0.03,0]}},{"t":47,"s":[85,100],"e":[100,100],"i":{"x":[0.515,1],"y":[0.955,1]},"o":{"x":[0.455,0],"y":[0.03,0]}},{"t":55,"s":[100,100],"e":[100,100],"i":{"x":[1,1],"y":[1,1]},"o":{"x":[0,0],"y":[0,0]}},{"t":63,"s":[100,100],"e":[90,100],"i":{"x":[0.515,1],"y":[0.955,1]},"o":{"x":[0.455,0],"y":[0.03,0]}},{"t":72,"s":[90,100],"e":[100,100],"i":{"x":[0.515,1],"y":[0.955,1]},"o":{"x":[0.455,0],"y":[0.03,0]}},{"t":80,"s":[100,100],"e":[100,100],"i":{"x":[1,1],"y":[1,1]},"o":{"x":[0,0],"y":[0,0]}},{"t":318,"s":[100,100],"e":[90,100],"i":{"x":[0.515,1],"y":[0.955,1]},"o":{"x":[0.455,0],"y":[0.03,0]}},{"t":327,"s":[90,100],"e":[100,100],"i":{"x":[0.515,1],"y":[0.955,1]},"o":{"x":[0.455,0],"y":[0.03,0]}},{"t":336,"s":[100,100],"e":[100,100],"i":{"x":[1,1],"y":[1,1]},"o":{"x":[0,0],"y":[0,0]}},{"t":355,"s":[100,100],"e":[85,100],"i":{"x":[0.515,1],"y":[0.955,1]},"o":{"x":[0.455,0],"y":[0.03,0]}},{"t":363,"s":[85,100],"e":[100,100],"i":{"x":[0.515,1],"y":[0.955,1]},"o":{"x":[0.455,0],"y":[0.03,0]}},{"t":370}]}},"shapes":[{"ty":"gr","nm":"PleaseWait-02 shape group","it":[{"ty":"sh","ks":{"a":0,"k":{"c":true,"v":[[56.5,7],[56.5,7],[103,53.5],[103,53.5],[56.5,100],[56.5,100],[10,53.5],[10,53.5]],"i":[[-25.575,0],[0,0],[0,-25.575],[0,0],[25.575000000000003,0],[0,0],[0,25.575000000000003],[0,0]],"o":[[0,0],[25.575000000000003,0],[0,0],[0,25.575000000000003],[0,0],[-25.575,0],[0,0],[0,-25.575]]}}},{"ty":"st","o":{"a":0,"k":0},"w":{"a":0,"k":0},"c":{"a":0,"k":[0,0,0,0]},"lc":3,"lj":1,"ml":1},{"ty":"fl","o":{"a":0,"k":100},"r":1,"c":{"a":0,"k":[0.25882352941176473,0.592156862745098,1,1]}},{"ty":"tr","o":{"a":0,"k":100},"a":{"a":0,"k":[0,0]},"s":{"a":0,"k":[100,100]},"p":{"a":0,"k":[0,0]},"r":{"a":0,"k":0}}]}],"op":396},{"ty":4,"nm":"PleaseWait-01","ip":0,"st":0,"ind":2,"hix":6,"ks":{"o":{"a":0,"k":100},"or":{"a":0,"k":[0,0,0]},"a":{"a":0,"k":[55,55,0]},"p":{"s":true,"x":{"a":1,"k":[{"t":0,"s":[234],"e":[296.895],"i":{"x":[0.515],"y":[0.955]},"o":{"x":[0.455],"y":[0.03]}},{"t":36,"s":[296.895],"e":[298.201],"i":{"x":[0.515],"y":[0.955]},"o":{"x":[0.455],"y":[0.03]}},{"t":42,"s":[298.201],"e":[298.201],"i":{"x":[1],"y":[1]},"o":{"x":[0],"y":[0]}},{"t":355,"s":[298.201],"e":[234],"i":{"x":[0.515],"y":[0.955]},"o":{"x":[0.455],"y":[0.03]}},{"t":396}]},"y":{"a":0,"k":540}},"rx":{"a":0,"k":0},"ry":{"a":0,"k":0},"rz":{"a":0,"k":0},"s":{"a":1,"k":[{"t":0,"s":[100,100],"e":[100,100],"i":{"x":[1,1],"y":[1,1]},"o":{"x":[0,0],"y":[0,0]}},{"t":30,"s":[100,100],"e":[90,100],"i":{"x":[0.745,1],"y":[0.715,1]},"o":{"x":[0.47,0],"y":[0,0]}},{"t":44,"s":[90,100],"e":[100,100],"i":{"x":[0.565,1],"y":[1,1]},"o":{"x":[0.39,0],"y":[0.575,0]}},{"t":56,"s":[100,100],"e":[100,100],"i":{"x":[1,1],"y":[1,1]},"o":{"x":[0,0],"y":[0,0]}},{"t":355,"s":[100,100],"e":[90,100],"i":{"x":[0.515,1],"y":[0.955,1]},"o":{"x":[0.455,0],"y":[0.03,0]}},{"t":364,"s":[90,100],"e":[100,100],"i":{"x":[0.515,1],"y":[0.955,1]},"o":{"x":[0.455,0],"y":[0.03,0]}},{"t":372}]}},"shapes":[{"ty":"gr","nm":"PleaseWait-01 shape group","it":[{"ty":"sh","ks":{"a":0,"k":{"c":true,"v":[[56.5,7],[56.5,7],[103,53.5],[103,53.5],[56.5,100],[56.5,100],[10,53.5],[10,53.5]],"i":[[-25.575,0],[0,0],[0,-25.575],[0,0],[25.575000000000003,0],[0,0],[0,25.575000000000003],[0,0]],"o":[[0,0],[25.575000000000003,0],[0,0],[0,25.575000000000003],[0,0],[-25.575,0],[0,0],[0,-25.575]]}}},{"ty":"st","o":{"a":0,"k":0},"w":{"a":0,"k":0},"c":{"a":0,"k":[0,0,0,0]},"lc":3,"lj":1,"ml":1},{"ty":"fl","o":{"a":0,"k":100},"r":1,"c":{"a":0,"k":[0.25882352941176473,0.592156862745098,1,1]}},{"ty":"tr","o":{"a":0,"k":100},"a":{"a":0,"k":[0,0]},"s":{"a":0,"k":[100,100]},"p":{"a":0,"k":[0,0]},"r":{"a":0,"k":0}}]}],"op":396},{"ty":4,"ip":0,"st":0,"ind":0,"hix":1,"ks":{"o":{"a":0,"k":100},"or":{"a":0,"k":[0,0,0]},"a":{"a":0,"k":[0,0,0]},"p":{"a":0,"k":[0,0,0]},"rx":{"a":0,"k":0},"ry":{"a":0,"k":0},"rz":{"a":0,"k":0},"s":{"a":0,"k":[100,100,100]}},"shapes":[{"ty":"gr","nm":"undefined shape group","it":[{"ty":"rc","s":{"a":0,"k":[1080,1080]},"r":{"a":0,"k":0},"p":{"a":0,"k":[540,540]}},{"ty":"st","o":{"a":0,"k":0},"w":{"a":0,"k":0},"c":{"a":0,"k":[0,0,0,0]},"lc":3,"lj":1,"ml":1},{"ty":"fl","o":{"a":0,"k":100},"r":1,"c":{"a":0,"k":[0.9803921568627451,0.9803921568627451,0.9803921568627451,1]}},{"ty":"tr","o":{"a":0,"k":100},"a":{"a":0,"k":[0,0]},"s":{"a":0,"k":[100,100]},"p":{"a":0,"k":[0,0]},"r":{"a":0,"k":0}}]}],"op":396}],"op":396,"w":1080,"h":1080}